{"dataset1": {"accuracy": {"mean": 83.83, "std": 2.67}, "macro-f1": {"mean": 83.43, "std": 2.9899999999999998}}, "dataset2": {"accuracy": {"mean": 67.34, "std": 1.34}, "macro-f1": {"mean": 62.970000000000006, "std": 1.59}}}