{"dataset1": {"accuracy": {"mean": 59.64, "std": 3.7199999999999998}, "macro-f1": {"mean": 58.9, "std": 4.16}}, "dataset2": {"accuracy": {"mean": 54.690000000000005, "std": 3.39}, "macro-f1": {"mean": 50.61, "std": 3.1199999999999997}}}